taxonomy_slug,category_slug,sub_category_slug,tag,product_id
health-areas,immune-support,mushroom-immune,,1111
health-areas,respiratory-health,cough-congestion,,1113
health-areas,womens-health,menstrual-support,,1115
health-areas,mens-health,male-vitality,,1117
health-areas,energy-vitality,daily-energy-support,,1119
health-areas,immune-support,mushroom-immune,,1121
health-areas,liver-detoxification,daily-liver,,3671
health-areas,liver-detoxification,daily-liver,,3675
health-areas,stress-mood-anxiety,adaptogenic-support,,3677
health-areas,gut-health,digestive-support,,3678
health-areas,stress-mood-anxiety,stress-anxiety-relief,,3679
health-areas,stress-mood-anxiety,adaptogenic-support,,3680
health-areas,stress-mood-anxiety,mood-balance,,3681
health-areas,stress-mood-anxiety,mood-balance,,3683
health-areas,pain-inflammation,muscle-recovery,,3685
health-areas,immune-support,daily-immune,,3922
health-areas,blood-sugar-metabolism,blood-sugar-control,,4045
health-areas,respiratory-health,lung-support,,4047
health-areas,skin-hair-nails,clear-skin,,4049
health-areas,eye-vision,general-eye-health,,4052
health-areas,immune-support,daily-immune,,4054
health-areas,womens-health,pregnancy-lactation,,4056
health-areas,gut-health,digestive-support,,4058
health-areas,sleep-relaxation,general-sleep-support,,4060
health-areas,womens-health,menstrual-support,,4065
health-areas,stress-mood-anxiety,adaptogenic-support,,4076
health-areas,gut-health,digestive-support,,4080
health-areas,gut-health,digestive-support,,4083
health-areas,womens-health,menstrual-support,,4086
health-areas,mens-health,prostate-health,,4089
health-areas,immune-support,antiviral-herbs,,4092
health-areas,immune-support,antiviral-herbs,,4097
health-areas,immune-support,antiviral-herbs,,4108
health-areas,gut-health,digestive-support,,4110
health-areas,eye-vision,macular-support,,4112
health-areas,eye-vision,macular-support,,4121
health-areas,sleep-relaxation,general-sleep-support,,4122
health-areas,sleep-relaxation,general-sleep-support,,4124
health-areas,sleep-relaxation,general-sleep-support,,4126
health-areas,stress-mood-anxiety,adaptogenic-support,,4130
health-areas,immune-support,seasonal-support,,4132
health-areas,blood-sugar-metabolism,blood-sugar-control,,4135
health-areas,immune-support,seasonal-support,,4137
health-areas,stress-mood-anxiety,stress-anxiety-relief,,4146
health-areas,immune-support,seasonal-support,,4148
health-areas,pain-inflammation,general-inflammation,,4175
health-areas,gut-health,digestive-support,,4177
health-areas,gut-health,digestive-support,,4179
health-areas,respiratory-health,cough-congestion,,4183
health-areas,immune-support,daily-immune,,4185
health-areas,immune-support,antiviral-herbs,,4187
health-areas,stress-mood-anxiety,adaptogenic-support,,4190
health-areas,liver-detoxification,daily-liver,,4192
health-areas,cardiovascular-health,heart-rhythm,,4205
health-areas,immune-support,seasonal-support,,4206
health-areas,stress-mood-anxiety,adaptogenic-support,,4207
health-areas,immune-support,antiviral-herbs,,4209
health-areas,mens-health,prostate-health,,4210
health-areas,pain-inflammation,general-inflammation,,4212
health-areas,pain-inflammation,joint-arthritis,,4212
health-areas,energy-vitality,adrenal-support,,4213
health-areas,gut-health,digestive-support,,4214
health-areas,focus-memory-cognition,general-cognitive-support,,4215
health-areas,focus-memory-cognition,memory-enhancement,,4216
health-areas,womens-health,menopause-hot-flashes,,4218
health-areas,immune-support,antiviral-herbs,,4222
health-areas,blood-sugar-metabolism,blood-sugar-control,,4257
health-areas,liver-detoxification,daily-liver,,4260
health-areas,liver-detoxification,detox-cleanse,,4263
health-areas,immune-support,antiviral-herbs,,4268
health-areas,focus-memory-cognition,memory-enhancement,,4271
health-areas,liver-detoxification,daily-liver,,4274
health-areas,kidney-urinary,urinary-tract,,4277
health-areas,immune-support,daily-immune,,4281
health-areas,stress-mood-anxiety,mood-balance,,4285
health-areas,gut-health,digestive-support,,4288
health-areas,sleep-relaxation,general-sleep-support,,4292
health-areas,kidney-urinary,urinary-tract,,4295
health-areas,bone-joint-musculoskeletal,joint-mobility,,4298
health-areas,pain-inflammation,general-inflammation,,4302
health-areas,liver-detoxification,daily-liver,,4305
health-areas,cardiovascular-health,cholesterol-support,,4308
health-areas,sleep-relaxation,general-sleep-support,,4311
health-areas,womens-health,thyroid-support,,4314
health-areas,cardiovascular-health,heart-rhythm,,4317
health-areas,focus-memory-cognition,cognitive-support,,4320
health-areas,immune-support,mushroom-immune,,4323
health-areas,energy-vitality,physical-performance,,4326
health-areas,focus-memory-cognition,memory-enhancement,,4329
health-areas,immune-support,mushroom-immune,,4333
health-areas,immune-support,mushroom-immune,,4336
health-areas,immune-support,mushroom-immune,,4339
health-areas,immune-support,mushroom-immune,,4342
health-areas,immune-support,mushroom-immune,,4345
health-areas,liver-detoxification,daily-liver,,4349
health-areas,immune-support,daily-immune,,4352
health-areas,womens-health,menstrual-support,,4355
health-areas,immune-support,antiviral-herbs,,4358
health-areas,cardiovascular-health,circulation,,4361
health-areas,womens-health,menstrual-support,,4364
health-areas,immune-support,seasonal-support,,4379
health-areas,immune-support,seasonal-support,,4382
health-areas,gut-health,digestive-support,,4367
health-areas,gut-health,digestive-support,,4376
health-areas,stress-mood-anxiety,adaptogenic-support,,4388
health-areas,womens-health,pregnancy-lactation,,4391
health-areas,pain-inflammation,general-inflammation,,4394
health-areas,immune-support,antiviral-herbs,,4385
health-areas,womens-health,menstrual-support,,4373
health-areas,immune-support,daily-immune,,4370
health-areas,immune-support,antiviral-herbs,,4397
health-areas,cardiovascular-health,heart-rhythm,,4401
health-areas,focus-memory-cognition,memory-enhancement,,4404
health-areas,energy-vitality,adaptogenic-support,,4407
health-areas,respiratory-health,lung-support,,4410
health-areas,bone-joint-musculoskeletal,muscle-support,,4413
health-areas,cardiovascular-health,heart-rhythm,,4416
health-areas,cardiovascular-health,circulation,,4419
health-areas,stress-mood-anxiety,adaptogenic-support,,4426
health-areas,gut-health,digestive-support,,4429
health-areas,immune-support,antiviral-herbs,,4436
health-areas,immune-support,antiviral-herbs,,4445
health-areas,stress-mood-anxiety,stress-anxiety-relief,,4433
health-areas,gut-health,digestive-support,,4442
health-areas,liver-detoxification,daily-liver,,4445
health-areas,womens-health,menstrual-support,,4448
health-areas,immune-support,antiviral-herbs,,4454
health-areas,immune-support,antiviral-herbs,,4451
health-areas,immune-support,antiviral-herbs,,4457
health-areas,immune-support,antiviral-herbs,,4460
health-areas,immune-support,antiviral-herbs,,4463
health-areas,gut-health,digestive-support,,4466
health-areas,immune-support,antiviral-herbs,,4469
health-areas,immune-support,seasonal-support,,4472
health-areas,stress-mood-anxiety,stress-anxiety-relief,,4475
health-areas,gut-health,digestive-support,,4478
health-areas,blood-sugar-metabolism,blood-sugar-control,,4488
health-areas,respiratory-health,cough-congestion,,4491
health-areas,pain-inflammation,general-inflammation,,4494
health-areas,immune-support,antiviral-herbs,,4497
health-areas,kidney-urinary,urinary-tract,,4500
health-areas,sleep-relaxation,general-sleep-support,,4503
health-areas,pain-inflammation,general-inflammation,,4506
health-areas,respiratory-health,cough-congestion,,4509
health-areas,mens-health,prostate-health,,4512
health-areas,energy-vitality,adrenal-support,,4515
health-areas,allergy-histamine,seasonal-allergies,,4518
health-areas,respiratory-health,lung-support,,4525
health-areas,liver-detoxification,daily-liver,,4528
health-areas,gut-health,digestive-bitters,,4531
health-areas,immune-support,daily-immune,,4534
health-areas,womens-health,menstrual-support,,4537
health-areas,womens-health,menopause-hot-flashes,,4540
health-areas,pain-inflammation,joint-arthritis,,4549
health-areas,immune-support,antiviral-herbs,,4553
health-areas,immune-support,daily-immune,,4556
health-areas,immune-support,daily-immune,,4559
health-areas,bone-joint-musculoskeletal,joint-mobility,,4562
health-areas,liver-detoxification,daily-liver,,4565
health-areas,immune-support,daily-immune,,4568
health-areas,mens-health,testosterone-support,,4571
health-areas,liver-detoxification,detox-cleanse,,4588
health-areas,respiratory-health,cough-congestion,,4593
health-areas,sleep-relaxation,general-sleep-support,,4595
health-areas,respiratory-health,allergy-asthma,,4598
health-areas,respiratory-health,cough-congestion,,4602
health-areas,throat-spray-relief,gum-health,,4606
health-areas,womens-health,menstrual-support,,4609
health-areas,liver-detoxification,heavy-metal,,4612
health-areas,immune-support,seasonal-support,,4618
health-areas,immune-support,childrens-immune,,4629
health-areas,stress-mood-anxiety,mood-balance,,4622
health-areas,focus-memory-cognition,cognitive-support,,4626
health-areas,sleep-relaxation,general-sleep-support,,4633
health-areas,pain-inflammation,muscle-recovery,,4636
health-areas,respiratory-health,lung-support,,4639
health-areas,energy-vitality,daily-energy-support,,4644
health-areas,healthy-aging,cellular-health,,4647
health-areas,immune-support,antiviral-herbs,,4650
health-areas,liver-detoxification,daily-liver,,4654
health-areas,skin-hair-nails,hair-growth,,4657
health-areas,immune-support,daily-immune,,4661
health-areas,blood-sugar-metabolism,blood-sugar-control,,4665
health-areas,immune-support,seasonal-support,,4669
health-areas,respiratory-health,cough-congestion,,4673
health-areas,immune-support,seasonal-support,,4677
health-areas,respiratory-health,lung-support,,4681
health-areas,skin-hair-nails,anti-aging,,4684
health-areas,skin-hair-nails,anti-aging,,4689
health-areas,oral-health,gum-health,,4692
health-areas,skin-hair-nails,anti-aging,,4695
health-areas,skin-hair-nails,clear-skin,,4699
health-areas,respiratory-health,lung-support,,4702
health-areas,skin-hair-nails,anti-aging,,4705
health-areas,skin-hair-nails,clear-skin,,4709
health-areas,stress-mood-anxiety,mood-balance,,4713
health-areas,skin-hair-nails,clear-skin,,4716
health-areas,focus-memory-cognition,memory-enhancement,,4723
health-areas,respiratory-health,lung-support,,4726
health-areas,sleep-relaxation,general-sleep-support,,4729
health-areas,immune-support,daily-immune,,4733
health-areas,immune-support,daily-immune,,4736
health-areas,immune-support,daily-immune,,4739
health-areas,gut-health,digestive-support,,4769
health-areas,gut-health,digestive-support,,4771
health-areas,skin-hair-nails,clear-skin,,4777
health-areas,cardiovascular-health,heart-rhythm,,4779
health-areas,cardiovascular-health,heart-rhythm,,4810
health-areas,sleep-relaxation,general-sleep-support,,4812
health-areas,respiratory-health,cough-congestion,,4814
health-areas,bone-joint-musculoskeletal,bone-density,,4816
health-areas,respiratory-health,lung-support,,4818
health-areas,stress-mood-anxiety,adaptogenic-support,,4820
health-areas,sleep-relaxation,general-sleep-support,,4822
health-areas,stress-mood-anxiety,adaptogenic-support,,4835
health-areas,stress-mood-anxiety,stress-anxiety-relief,,4837
health-areas,stress-mood-anxiety,stress-anxiety-relief,,4840
health-areas,immune-support,daily-immune,,4842
health-areas,stress-mood-anxiety,stress-anxiety-relief,,4845
health-areas,stress-mood-anxiety,adaptogenic-support,,4848
health-areas,immune-support,antiviral-herbs,,4850
health-areas,stress-mood-anxiety,adaptogenic-support,,4852
health-areas,gut-health,digestive-support,,4854
health-areas,pain-inflammation,general-inflammation,,4856
health-areas,liver-detoxification,daily-liver,,4858
health-areas,stress-mood-anxiety,adaptogenic-support,,4860
health-areas,energy-vitality,daily-energy-support,,4862
health-areas,stress-mood-anxiety,stress-anxiety-relief,,4868
health-areas,skin-hair-nails,anti-aging,,4875
health-areas,immune-support,antiviral-herbs,,4883
health-areas,pain-inflammation,joint-arthritis,,4935
health-areas,bone-joint-musculoskeletal,joint-mobility,,4960
health-areas,gut-health,digestive-support,,4978
health-areas,immune-support,children's-immune,,4990
health-areas,immune-support,daily-immune,,4992
health-areas,gut-health,digestive-support,,4997
health-areas,gut-health,digestive-support,,5000
health-areas,womens-health,menstrual-support,,5002
health-areas,stress-mood-anxiety,adaptogenic-support,,5010
health-areas,stress-mood-anxiety,adaptogenic-support,,5015
health-areas,energy-vitality,adaptogenic-support,,5021
health-areas,stress-mood-anxiety,mood-balance,,5023
health-areas,stress-mood-anxiety,mood-balance,,5025
health-areas,gut-health,digestive-support,,5030
health-areas,immune-support,antiviral-herbs,,5035
health-areas,immune-support,children's-immune,,5037
health-areas,immune-support,daily-immune,,5077
health-areas,cardiovascular-health,circulation,,5101
health-areas,womens-health,pregnancy-lactation,,5106
health-areas,womens-health,fertility-support,,5109
health-areas,skin-hair-nails,anti-aging,,5112
health-areas,focus-memory-cognition,brain-health,,5126
health-areas,stress-mood-anxiety,mood-balance,,5141
health-areas,gut-health,digestive-support,,5143
health-areas,gut-health,probiotic-support,,5149
health-areas,skin-hair-nails,clear-skin,,5155
health-areas,energy-vitality,daily-energy-support,,5223
health-areas,bone-joint-musculoskeletal,joint-mobility,,5226
health-areas,focus-memory-cognition,memory-enhancement,,5229
health-areas,energy-vitality,adrenal-support,,5235
health-areas,energy-vitality,daily-energy-support,,5238
health-areas,focus-memory-cognition,general-cognitive-support,,5241
health-areas,focus-memory-cognition,general-cognitive-support,,5244
health-areas,energy-vitality,daily-energy-support,,5247
health-areas,energy-vitality,daily-energy-support,,5250
health-areas,gut-health,digestive-support,,5253
health-areas,immune-support,daily-immune,,5256
health-areas,immune-support,daily-immune,,5259
health-areas,cardiovascular-health,cholesterol-support,,5265
health-areas,stress-mood-anxiety,stress-anxiety-relief,,5268
health-areas,immune-support,seasonal-support,,5322
health-areas,sleep-relaxation,deep-sleep,,5329
health-areas,bone-joint-musculoskeletal,bone-density,,5319
health-areas,pain-inflammation,joint-arthritis,,5271
health-areas,liver-detoxification,daily-liver,,5282
health-areas,skin-hair-nails,anti-aging,,5286
health-areas,healthy-aging,cellular-health,,5316
health-areas,energy-vitality,daily-energy-support,,5275
health-areas,focus-memory-cognition,brain-health,,5279
health-areas,mens-health,male-vitality,,5326
health-areas,immune-support,childrens-immune,,5335
health-areas,liver-detoxification,daily-liver,,5338
health-areas,stress-mood-anxiety,mood-balance,,5341
health-areas,respiratory-health,cough-congestion,,5344
health-areas,stress-mood-anxiety,adaptogenic-support,,5347
health-areas,liver-detoxification,detox-cleanse,,5350
health-areas,immune-support,daily-immune,,5353
health-areas,gut-health,digestive-support,,5356
health-areas,energy-vitality,daily-energy-support,,5360
health-areas,immune-support,seasonal-support,,5332
health-areas,gut-health,digestive-support,,5364
health-areas,cardiovascular-health,heart-rhythm,,5367
health-areas,blood-sugar-metabolism,insulin-sensitivity,,5370
health-areas,stress-mood-anxiety,adaptogenic-support,,5373
health-areas,stress-mood-anxiety,adaptogenic-support,,5388
health-areas,womens-health,menopause-hot-flashes,,5390
health-areas,gut-health,digestive-support,,5393
health-areas,pain-inflammation,joint-arthritis,,5396
health-areas,womens-health,fertility-support,,5399
health-areas,pain-inflammation,joint-arthritis,,5402
health-areas,womens-health,menstrual-support,,5405
health-areas,gut-health,digestive-support,,5408
health-areas,kidney-urinary,urinary-tract,,5411
health-areas,respiratory-health,lung-support,,5414
health-areas,womens-health,menopause-hot-flashes,,5417
health-areas,liver-detoxification,daily-liver,,5420
health-areas,liver-detoxification,detox-cleanse,,5424
health-areas,focus-memory-cognition,brain-health,,5453
health-areas,energy-vitality,daily-energy-support,,5455
health-areas,kidney-urinary,urinary-tract,,5458
health-areas,liver-detoxification,daily-liver,,5461
health-areas,immune-support,daily-immune,,5475
health-areas,energy-vitality,daily-energy-support,,5486
health-areas,immune-support,daily-immune,,5489
health-areas,skin-hair-nails,anti-aging,,5579
health-areas,skin-hair-nails,anti-aging,,5583
health-areas,skin-hair-nails,anti-aging,,5589
health-areas,immune-support,daily-immune,,5603
health-areas,focus-memory-cognition,general-cognitive-support,,5605
health-areas,immune-support,antiviral-herbs,,5607
health-areas,immune-support,antiviral-herbs,,5609
health-areas,immune-support,mushroom-immune,,5611
health-areas,blood-sugar-metabolism,blood-sugar-control,,5614
health-areas,respiratory-health,lung-support,,5616
health-areas,mens-health,male-vitality,,5621
health-areas,liver-detoxification,daily-liver,,5624
health-areas,immune-support,antiviral-herbs,,5627
health-areas,liver-detoxification,daily-liver,,5629
health-areas,stress-mood-anxiety,stress-anxiety-relief,,5631
health-areas,healthy-aging,cellular-health,,5635
health-areas,immune-support,daily-immune,,5642
health-areas,gut-health,digestive-support,,5645
health-areas,gut-health,digestive-support,,5648
health-areas,gut-health,digestive-support,,5651
health-areas,stress-mood-anxiety,adaptogenic-support,,5654
health-areas,immune-support,daily-immune,,5678
health-areas,womens-health,menopause-hot-flashes,,5685
health-areas,gut-health,digestive-support,,5687
health-areas,gut-health,digestive-support,,5690
health-areas,gut-health,digestive-support,,5692
health-areas,gut-health,digestive-support,,5694
health-areas,gut-health,digestive-support,,5696
health-areas,womens-health,menstrual-support,,5698
health-areas,pain-inflammation,muscle-recovery,,5700
health-areas,stress-mood-anxiety,adaptogenic-support,,5729
health-areas,gut-health,digestive-bitters,,5731
health-areas,gut-health,digestive-support,,5741
health-areas,gut-health,digestive-support,,5743
health-areas,gut-health,digestive-support,,5745
health-areas,pain-inflammation,joint-arthritis,,5747
health-areas,immune-support,daily-immune,,5752
health-areas,gut-health,digestive-support,,5755
health-areas,womens-health,breastfeeding-support,,5758
health-areas,energy-vitality,daily-energy-support,,5762
health-areas,gut-health,digestive-support,,5794
health-areas,energy-vitality,daily-energy-support,,5797
health-areas,liver-detoxification,daily-liver,,5804
health-areas,womens-health,hormonal-balance,,5806
health-areas,liver-detoxification,daily-liver,,5808
health-areas,lymphatic-health,lymphatic-support,,5810
health-areas,cardiovascular-health,cholesterol-support,,5812
health-areas,stress-mood-anxiety,adaptogenic-support,,5815
health-areas,mens-health,prostate-health,,5817
health-areas,stress-mood-anxiety,adaptogenic-support,,5819
health-areas,womens-health,fertility-support,,5821
health-areas,gut-health,digestive-support,,5823
health-areas,gut-health,digestive-support,,5825
health-areas,skin-hair-nails,anti-aging,,5833
health-areas,skin-hair-nails,anti-aging,,5836
health-areas,skin-hair-nails,anti-aging,,5838
health-areas,skin-hair-nails,clear-skin,,5840
health-areas,skin-hair-nails,clear-skin,,5842
health-areas,skin-hair-nails,clear-skin,,5844
health-areas,skin-hair-nails,clear-skin,,5846
health-areas,sleep-relaxation,general-sleep-support,,5864
health-areas,skin-hair-nails,clear-skin,,5883
health-areas,skin-hair-nails,clear-skin,,5885
health-areas,energy-vitality,daily-energy-support,,5894
health-areas,immune-support,daily-immune,,5900
health-areas,,,,5902
health-areas,stress-mood-anxiety,stress-anxiety-relief,,5926
health-areas,sleep-relaxation,general-sleep-support,,5930
health-areas,stress-mood-anxiety,adaptogenic-support,,6038
health-areas,immune-support,daily-immune,,6041
health-areas,immune-support,seasonal-support,,6046
health-areas,cardiovascular-health,heart-rhythm,,6048
health-areas,immune-support,antiviral-herbs,,6051
health-areas,stress-mood-anxiety,adaptogenic-support,,6053
health-areas,immune-support,antiviral-herbs,,6061
health-areas,respiratory-health,cough-congestion,,6063
health-areas,immune-support,daily-immune,,6065
health-areas,gut-health,digestive-support,,6110
health-areas,gut-health,digestive-support,,6113
health-areas,stress-mood-anxiety,stress-anxiety-relief,,6116
health-areas,focus-memory-cognition,brain-health,,6119
health-areas,energy-vitality,adaptogenic-support,,6122
health-areas,immune-support,mushroom-immune,,6127
health-areas,gut-health,digestive-support,,6131
health-areas,immune-support,antiviral-herbs,,6142
health-areas,stress-mood-anxiety,adaptogenic-support,,6145
health-areas,immune-support,seasonal-support,,6195
health-areas,liver-detoxification,daily-liver,,6192
health-areas,respiratory-health,cough-congestion,,6261
health-areas,respiratory-health,allergy-asthma,,6264
health-areas,bone-joint-musculoskeletal,bone-density,,6200
health-areas,stress-mood-anxiety,stress-anxiety-relief,,6197
health-areas,skin-hair-nails,clear-skin,,6273
health-areas,skin-hair-nails,clear-skin,,6275
health-areas,gut-health,digestive-support,,6277
health-areas,healthy-aging,cellular-health,,6156
health-areas,immune-support,daily-immune,,6279
health-areas,immune-support,daily-immune,,6281
health-areas,energy-vitality,daily-energy-support,,6283
health-areas,gut-health,digestive-support,,6285
health-areas,gut-health,digestive-support,,6288
health-areas,gut-health,digestive-support,,6290
health-areas,gut-health,digestive-support,,6292
health-areas,gut-health,digestive-support,,6294
health-areas,womens-health,menstrual-support,,6296
health-areas,energy-vitality,daily-energy-support,,6298
health-areas,immune-support,mushroom-immune,,6300
health-areas,stress-mood-anxiety,adaptogenic-support,,6345
health-areas,gut-health,digestive-support,,6348
health-areas,womens-health,menstrual-support,,6350
health-areas,focus-memory-cognition,memory-enhancement,,6354
health-areas,energy-vitality,physical-performance,,6356
health-areas,sleep-relaxation,general-sleep-support,,6384
health-areas,liver-detoxification,daily-liver,,6386
health-areas,skin-hair-nails,clear-skin,,6388
health-areas,skin-hair-nails,clear-skin,,6391
health-areas,immune-support,antiviral-herbs,,6393
health-areas,cardiovascular-health,circulation,,6395
health-areas,gut-health,digestive-support,,6397
health-areas,liver-detoxification,daily-liver,,6399
health-areas,liver-detoxification,daily-liver,,6402
health-areas,gut-health,digestive-support,,6404
health-areas,stress-mood-anxiety,mood-balance,,6411
health-areas,cardiovascular-health,circulation,,6415
health-areas,respiratory-health,lung-support,,6417
health-areas,pain-inflammation,general-inflammation,,6419
health-areas,immune-support,antiviral-herbs,,6421
health-areas,kidney-urinary,urinary-tract,,6423
health-areas,pain-inflammation,muscle-recovery,,6428
health-areas,pain-inflammation,general-inflammation,,6429
health-areas,stress-mood-anxiety,adaptogenic-support,,6431
health-areas,respiratory-health,cough-congestion,,6434
health-areas,pain-inflammation,muscle-recovery,,6466
health-areas,pain-inflammation,muscle-recovery,,6469
health-areas,pain-inflammation,muscle-recovery,,6470
health-areas,pain-inflammation,muscle-recovery,,6471
health-areas,immune-support,daily-immune,,6474
health-areas,immune-support,daily-immune,,6475
health-areas,mushroom-immune,adaptogenic-support,,6485
health-areas,stress-mood-anxiety,adaptogenic-support,,6492
health-areas,stress-mood-anxiety,adaptogenic-support,,6493
health-areas,stress-mood-anxiety,adaptogenic-support,,6494
health-areas,stress-mood-anxiety,adaptogenic-support,,6499
health-areas,stress-mood-anxiety,adaptogenic-support,,6500
health-areas,skin-hair-nails,nail-strength,,6502
health-areas,skin-hair-nails,nail-strength,,6503
health-areas,cardiovascular-health,cholesterol-support,,6507
health-areas,energy-vitality,daily-energy-support,,6520
health-areas,energy-vitality,daily-energy-support,,6523
health-areas,energy-vitality,daily-energy-support,,6524
health-areas,energy-vitality,daily-energy-support,,6525
health-areas,energy-vitality,daily-energy-support,,6526
health-areas,energy-vitality,daily-energy-support,,6527
health-areas,energy-vitality,daily-energy-support,,6528
health-areas,liver-detoxification,daily-liver,,6575
health-areas,liver-detoxification,detox-cleanse,,6575
health-areas,immune-support,seasonal-support,,6583
health-areas,gut-health,digestive-support,,6585
health-areas,gut-health,digestive-support,,6587
health-areas,immune-support,daily-immune,,6589
health-areas,womens-health,fertility-support,,6592
health-areas,gut-health,probiotic-support,,6597
health-areas,blood-sugar-metabolism,metabolic-support,,6600
health-areas,lymphatic-health,lymph-support,,6602
health-areas,digestive-health,digestive-support,,6606
health-areas,stress-mood-anxiety,adaptogenic-support,,6608
health-areas,stress-mood-anxiety,stress-anxiety-relief,,6610
health-areas,pain-inflammation,muscle-recovery,,6612
health-areas,pain-inflammation,muscle-recovery,,6614
health-areas,stress-mood-anxiety,stress-anxiety-relief,,6616
health-areas,sleep-relaxation,general-sleep-support,,6618
health-areas,immune-support,antiviral-herbs,,6622
health-areas,immune-support,antiviral-herbs,,6624
health-areas,stress-mood-anxiety,stress-anxiety-relief,,6626
health-areas,cardiovascular-health,heart-rhythm,,6664
health-areas,cardiovascular-health,circulation,,6664
health-areas,gut-health,digestive-support,,6666
health-areas,respiratory-health,lung-support,,6667
health-areas,kidney-urinary,kidney-function,,6668
health-areas,allergy-histamine,seasonal-allergies,,6679
health-areas,cardiovascular-health,blood-pressure,,6681
health-areas,skin-hair-nails,anti-aging,,6756
health-areas,stress-mood-anxiety,mood-balance,,6758
health-areas,skin-hair-nails,clear-skin,,6760
health-areas,immune-support,daily-immune,,6752
health-areas,immune-support,seasonal-support,,6756
health-areas,immune-support,mushroom-immune,,6762
health-areas,stress-mood-anxiety,adaptogenic-support,,6766
health-areas,energy-vitality,daily-energy-support,,6768
health-areas,respiratory-health,lung-support,,6778
health-areas,immune-support,mushroom-immune,,6792
health-areas,immune-support,mushroom-immune,,6794
health-areas,immune-support,mushroom-immune,,6796
health-areas,immune-support,mushroom-immune,,6832
health-areas,immune-support,mushroom-immune,,6834
health-areas,immune-support,mushroom-immune,,6836
health-areas,stress-mood-anxiety,adaptogenic-support,,6890
health-areas,sleep-relaxation,general-sleep-support,,6893
health-areas,pain-inflammation,muscle-recovery,,6895
health-areas,stress-mood-anxiety,mood-balance,,6898
health-areas,pain-inflammation,joint-arthritis,,6902
health-areas,liver-detoxification,daily-liver,,6904
health-areas,liver-detoxification,daily-liver,,6906
health-areas,womens-health,fertility-support,,6931
health-areas,skin-hair-nails,anti-aging,,7072
health-areas,pain-inflammation,muscle-recovery,,7074
health-areas,immune-support,seasonal-support,,7115
health-areas,kidney-urinary,urinary-tract,,7234
health-areas,liver-detoxification,daily-liver,,7080
health-areas,immune-support,daily-immune,,7085
health-areas,immune-support,daily-immune,,7087
health-areas,energy-vitality,adaptogenic-support,,7214
health-areas,skin-hair-nails,oral-hygiene,,7252
health-areas,skin-hair-nails,oral-hygiene,,7253
health-areas,gut-health,digestive-support,,7089
health-areas,immune-support,antiviral-herbs,,7082
health-areas,immune-support,seasonal-support,,7254
health-areas,immune-support,seasonal-support,,7255
health-areas,gut-health,digestive-support,,7275
health-areas,gut-health,digestive-support,,7279
health-areas,cardiovascular-health,heart-rhythm,,7298
health-areas,focus-memory-cognition,cognitive-support,,7300
health-areas,kidney-urinary,kidney-function,,7303
health-areas,respiratory-health,lung-support,,7313
health-areas,respiratory-health,allergy-asthma,,7315
health-areas,liver-detoxification,daily-liver,,7317
health-areas,immune-support,seasonal-support,,7320
health-areas,stress-mood-anxiety,mood-balance,,7322
health-areas,respiratory-health,lung-support,,7324
health-areas,stress-mood-anxiety,mood-balance,,7334
health-areas,stress-mood-anxiety,mood-balance,,7336
health-areas,stress-mood-anxiety,mood-balance,,7338
health-areas,stress-mood-anxiety,mood-balance,,7340
health-areas,stress-mood-anxiety,mood-balance,,7342
health-areas,blood-sugar-metabolism,blood-sugar-control,,7350
health-areas,healthy-aging,cellular-health,,7352
health-areas,immune-support,antiviral-herbs,,7354
health-areas,liver-detoxification,daily-liver,,7356
health-areas,immune-support,daily-immune,,7359
health-areas,bone-joint-musculoskeletal,bone-density,,7361
health-areas,skin-hair-nails,anti-aging,,7363
health-areas,bone-joint-musculoskeletal,joint-arthritis,,7368
health-areas,pain-inflammation,muscle-recovery,,7376
health-areas,stress-mood-anxiety,stress-anxiety-relief,,7394
health-areas,pain-inflammation,muscle-recovery,,7396
health-areas,immune-support,seasonal-support,,7398
health-areas,stress-mood-anxiety,stress-anxiety-relief,,7400
health-areas,sleep-relaxation,sleep-support,,7402
health-areas,immune-support,seasonal-support,,7404
health-areas,pain-inflammation,muscle-recovery,,7406
health-areas,stress-mood-anxiety,mood-balance,,7408
health-areas,digestive-health,digestive-support,,7410
health-areas,skin-hair-nails,clear-skin,,7412
health-areas,pain-inflammation,joint-arthritis,,7414
health-areas,skin-hair-nails,clear-skin,,7416
health-areas,other,other,,7418
health-areas,immune-support,daily-immune,,7424
health-areas,immune-support,seasonal-support,,7426
health-areas,gut-health,digestive-support,,7428
health-areas,respiratory-health,lung-support,,7430
health-areas,respiratory-health,cough-congestion,,7432
health-areas,immune-support,antiviral-herbs,,7434
health-areas,womens-health,pregnancy-lactation,,7436
health-areas,digestive-health,digestive-support,,7438
health-areas,immune-support,seasonal-support,,7420
health-areas,immune-support,seasonal-support,,7422
health-areas,immune-support,antiviral-herbs,,7445
health-areas,skin-hair-nails,anti-aging,,7451
health-areas,stress-mood-anxiety,mood-balance,,7453
health-areas,skin-hair-nails,clear-skin,,7457
health-areas,healthy-aging,cellular-health,,7459
health-areas,focus-memory-cognition,cognitive-support,,7464
health-areas,focus-memory-cognition,cognitive-support,,7466
health-areas,liver-detoxification,heavy-metal,,7470
health-areas,energy-vitality,daily-energy-support,,7449
health-areas,energy-vitality,daily-energy-support,,7461
health-areas,immune-support,antiviral-herbs,,7472
health-areas,liver-detoxification,daily-liver,,7474
health-areas,stress-mood-anxiety,mood-balance,,7477
health-areas,immune-support,seasonal-support,,7479
health-areas,immune-support,daily-immune,,7481
health-areas,stress-mood-anxiety,adaptogenic-support,,7483
health-areas,respiratory-health,cough-congestion,,7485
health-areas,respiratory-health,lung-support,,7487
health-areas,immune-support,antiviral-herbs,,7489
health-areas,immune-support,antiviral-herbs,,7491
health-areas,sleep-relaxation,sleep-support,,7505
health-areas,gut-health,probiotic-support,,7515
health-areas,gut-health,general-digestive-support,,7505
health-areas,energy-vitality,adrenal-support,,7518
health-areas,energy-vitality,adrenal-support,,7521
health-areas,energy-vitality,adrenal-support,,7524
health-areas,pain-inflammation,general-inflammation,,7527
health-areas,immune-support,mushroom-immune,,7555
health-areas,immune-support,antiviral-herbs,,7557
health-areas,pain-inflammation,general-inflammation,,7557
health-areas,immune-support,antiviral-herbs,,7559
health-areas,liver-detoxification,daily-liver,,7562
health-areas,gut-health,digestive-support,,7564
health-areas,immune-support,antiviral-herbs,,7566
health-areas,gut-health,digestive-support,,7568
health-areas,gut-health,digestive-support,,7570
health-areas,cardiovascular-health,circulation,,7573
health-areas,blood-sugar-metabolism,blood-sugar-control,,7577
health-areas,kidney-urinary,urinary-tract,,7579
health-areas,kidney-urinary,bladder-support,,7579
health-areas,gut-health,digestive-support,,7582
health-areas,liver-detoxification,daily-liver,,7583
health-areas,liver-detoxification,daily-liver,,7587
health-areas,immune-support,daily-immune,,7591
health-areas,gut-health,digestive-support,,7593
health-areas,gut-health,digestive-support,,7595
health-areas,immune-support,daily-immune,,7597
health-areas,immune-support,daily-immune,,7598
health-areas,liver-detoxification,heavy-metal,,7677
health-areas,liver-detoxification,detox-cleanse,,7677
health-areas,gut-health,digestive-support,,7679
health-areas,stress-mood-anxiety,mood-balance,,7681
health-areas,immune-support,antiviral-herbs,,7683
health-areas,energy-vitality,daily-energy-support,,7685
health-areas,bone-joint-musculoskeletal,joint-mobility,,7687
health-areas,womens-health,menstrual-support,,7689
health-areas,kidney-urinary,urinary-tract,,7691
health-areas,pain-inflammation,muscle-recovery,,7693
health-areas,sleep-relaxation,general-sleep-support,,7702
health-areas,stress-mood-anxiety,adaptogenic-support,,7710
health-areas,respiratory-health,lung-support,,7713
health-areas,kidney-urinary,urinary-tract,,7715
health-areas,kidney-urinary,urinary-tract,,7718
health-areas,kidney-urinary,urinary-tract,,7720
health-areas,respiratory-health,cough-congestion,,7722
health-areas,energy-vitality,daily-energy-support,,7724
health-areas,immune-support,mushroom-immune,,7731
health-areas,healthy-aging,cellular-health,,7733
health-areas,oral-health,gum-health,,7735
health-areas,focus-memory-cognition,cognitive-support,,7737
health-areas,immune-support,daily-immune,,7740
health-areas,gut-health,digestive-support,,7742
health-areas,gut-health,digestive-support,,7744
health-areas,womens-health,fertility-support,,7749
health-areas,stress-mood-anxiety,mood-balance,,7752
health-areas,stress-mood-anxiety,mood-balance,,7754
health-areas,stress-mood-anxiety,mood-balance,,7755
health-areas,immune-support,mushroom-immune,,7762
health-areas,skin-hair-nails,anti-aging,,7766
health-areas,skin-hair-nails,anti-aging,,7768
health-areas,skin-hair-nails,anti-aging,,7770
health-areas,respiratory-health,lung-support,,7773
health-areas,energy-vitality,daily-energy-support,,7777
health-areas,energy-vitality,daily-energy-support,,7778
health-areas,energy-vitality,daily-energy-support,,7782
health-areas,immune-support,mushroom-immune,,7784
health-areas,gut-health,digestive-support,,7794
health-areas,stress-mood-anxiety,adaptogenic-support,,7796
health-areas,stress-mood-anxiety,adaptogenic-support,,7798
health-areas,healthy-aging,cellular-health,,7801
health-areas,immune-support,antiviral-herbs,,7838
health-areas,bone-joint-musculoskeletal,bone-density,,7850
health-areas,cardiovascular-health,heart-rhythm,,7851
health-areas,energy-vitality,physical-performance,,7852
health-areas,mens-health,testosterone-support,,7853
health-areas,healthy-aging,cellular-health,,7854
health-areas,liver-detoxification,daily-liver,,7874
health-areas,energy-vitality,daily-energy-support,,7904
health-areas,cardiovascular-health,circulation,,7912
health-areas,immune-support,daily-immune,,7837
health-areas,energy-vitality,mental-clarity,,7915
health-areas,gut-health,digestive-support,,7977
health-areas,gut-health,digestive-bitters,,7981
health-areas,skin-hair-nails,clear-skin,,7944
health-areas,skin-hair-nails,clear-skin,,7985
health-areas,pain-inflammation,muscle-recovery,,7953
health-areas,pain-inflammation,muscle-recovery,,7954
health-areas,pain-inflammation,muscle-recovery,,7955
health-areas,skin-hair-nails,nail-strength,,7947
health-areas,gut-health,digestive-support,,7939
health-areas,immune-support,antiviral-herbs,,8011
health-areas,energy-vitality,adaptogenic-support,,8024
health-areas,gut-health,digestive-support,,8028
health-areas,immune-support,seasonal-support,,8030
health-areas,stress-mood-anxiety,adaptogenic-support,,8034
health-areas,energy-vitality,adaptogenic-support,,8037
health-areas,energy-vitality,adaptogenic-support,,8039
health-areas,gut-health,probiotic-support,,8041
health-areas,stress-mood-anxiety,mood-balance,,8054
health-areas,skin-hair-nails,anti-aging,,8056
health-areas,skin-hair-nails,anti-aging,,8058
health-areas,energy-vitality,daily-energy-support,,8097
health-areas,cardiovascular-health,heart-rhythm,,8102
health-areas,cardiovascular-health,heart-rhythm,,8105
health-areas,cardiovascular-health,heart-rhythm,,8113
health-areas,pain-inflammation,muscle-recovery,,8115
health-areas,gut-health,digestive-support,,8130
health-areas,gut-health,digestive-support,,8131
health-areas,gut-health,digestive-support,,8134
health-areas,pain-inflammation,muscle-recovery,,8169
health-areas,stress-mood-anxiety,stress-anxiety-relief,,8179
health-areas,eye-vision,general-eye-health,,8187
health-areas,womens-health,fertility-support,,8190
health-areas,liver-detoxification,daily-liver,,8193
health-areas,liver-detoxification,detox-cleanse,,8197
health-areas,stress-mood-anxiety,mood-balance,,8203
health-areas,liver-detoxification,daily-liver,,8206
health-areas,stress-mood-anxiety,stress-anxiety-relief,,8231
health-areas,sleep-relaxation,general-sleep-support,,8234
health-areas,respiratory-health,cough-congestion,,8237
health-areas,womens-health,menstrual-support,,8250
health-areas,immune-support,childrens-immune,,8364
health-areas,immune-support,antiviral-herbs,,8325
health-areas,immune-support,daily-immune,,8327
health-areas,adaptogenic-support,adaptogenic-support,,8329
health-areas,gut-health,digestive-support,,8339
health-areas,gut-health,digestive-support,,8256
health-areas,bone-joint-musculoskeletal,bone-density,,8366
health-areas,skin-hair-nails,anti-aging,,8250
health-areas,skin-hair-nails,clear-skin,,8317
health-areas,immune-support,daily-immune,,8390
health-areas,immune-support,antiviral-herbs,,8397
health-areas,immune-support,antiviral-herbs,,8398
health-areas,,,,8527
health-areas,immune-support,seasonal-support,,8556
health-areas,immune-support,seasonal-support,,8557
health-areas,stress-mood-anxiety,adaptogenic-support,,8577
health-areas,stress-mood-anxiety,adaptogenic-support,,8579
health-areas,immune-support,mushroom-immune,,8644
health-areas,stress-mood-anxiety,mood-balance,,8647
health-areas,energy-vitality,adaptogenic-support,,8650
health-areas,gut-health,digestive-support,,8653
health-areas,gut-health,digestive-support,,8664
health-areas,immune-support,seasonal-support,,8716
health-areas,immune-support,seasonal-support,,8718
health-areas,pain-inflammation,joint-arthritis,,8720
health-areas,gut-health,digestive-support,,8722
health-areas,gut-health,digestive-support,,8724
health-areas,gut-health,digestive-support,,8731
health-areas,allergy-histamine,seasonal-allergies,,8733
health-areas,immune-support,seasonal-support,,8766
health-areas,pain-inflammation,muscle-recovery,,8770
health-areas,pain-inflammation,muscle-recovery,,8772
health-areas,skin-hair-nails,clear-skin,,8775
health-areas,gut-health,digestive-support,,8784
health-areas,allergy-histamine,seasonal-allergies,,8786
health-areas,gut-health,digestive-support,,8798
health-areas,gut-health,digestive-support,,8801
health-areas,gut-health,digestive-support,,8806
health-areas,gut-health,digestive-support,,8784
health-areas,kidney-urinary,bladder-support,,8808
health-areas,bone-joint-musculoskeletal,bone-density,,8857
health-areas,sleep-relaxation,deep-sleep,,8865
health-areas,sleep-relaxation,deep-sleep,,8869
health-areas,womens-health,menstrual-support,,8880
health-areas,stress-mood-anxiety,adaptogenic-support,,8884
health-areas,stress-mood-anxiety,stress-anxiety-relief,,9001
health-areas,immune-support,daily-immune,,9004
health-areas,gut-health,digestive-support,,9048
health-areas,gut-health,digestive-bitters,,9083
health-areas,immune-support,seasonal-support,,9086
health-areas,gut-health,digestive-support,,9089
health-areas,gut-health,digestive-bitters,,9089
health-areas,cardiovascular-health,circulation,,9101
health-areas,gut-health,digestive-support,,9104
health-areas,immune-support,antiviral-herbs,,9108
health-areas,cardiovascular-health,circulation,,9132
health-areas,stress-mood-anxiety,stress-anxiety-relief,,9135
health-areas,immune-support,seasonal-support,,9138
health-areas,immune-support,antiviral-herbs,,9139
health-areas,oral-health,oral-hygiene,,9148
health-areas,eye-vision,general-eye-health,,9151
health-areas,cardiovascular-health,heart-rhythm,,9154
health-areas,stress-mood-anxiety,stress-anxiety-relief,,9157
health-areas,energy-vitality,daily-energy-support,,9160
health-areas,energy-vitality,mental-clarity,,9184
health-areas,liver-detoxification,daily-liver,,9264
